{"cameraMode":{"drawMode":0,"name":"Shaded","section":"Shading Mode"},"sceneLighting":false,"audioPlay":false,"sceneViewState":{"m_AlwaysRefresh":false,"showFog":true,"showSkybox":false,"showFlares":true,"showImageEffects":true,"showParticleSystems":true,"showVisualEffectGraphs":true,"m_FxEnabled":true},"in2DMode":false,"pivot":{"x":4.419722080230713,"y":3.7472782135009767,"z":-1.030357837677002},"rotation":{"x":0.006000906229019165,"y":0.021588889881968499,"z":0.000150117019074969,"w":-0.9996669888496399},"size":1.4660282135009766,"orthographic":false}