{"cameraMode":{"drawMode":0,"name":"Shaded","section":"Shading Mode"},"sceneLighting":false,"audioPlay":false,"sceneViewState":{"m_AlwaysRefresh":false,"showFog":true,"showSkybox":false,"showFlares":true,"showImageEffects":true,"showParticleSystems":true,"showVisualEffectGraphs":true,"m_FxEnabled":true},"in2DMode":false,"pivot":{"x":4.305610179901123,"y":3.5070080757141115,"z":-2.0514965057373049},"rotation":{"x":0.04492393508553505,"y":0.04792671278119087,"z":-0.0021984947379678489,"w":0.9977541565895081},"size":0.8660283088684082,"orthographic":false}